timestamp,outside_temp,classroom_occupancy_avg,cafeteria_occupancy,total_occupancy,energy_kw
2026-04-01 00:00:00,4.08,0,0,0,56.36
2026-04-01 01:00:00,4.96,4,0,40,97.48
2026-04-01 02:00:00,6.58,3,0,30,81.2
2026-04-01 03:00:00,8.25,0,0,0,39.49
2026-04-01 04:00:00,9.8,1,0,10,52.87
2026-04-01 05:00:00,12.52,4,8,48,84.73
2026-04-01 06:00:00,14.96,0,0,0,20.77
2026-04-01 07:00:00,16.85,3,7,37,57.61
2026-04-01 08:00:00,21.41,50,27,527,633.37
2026-04-01 09:00:00,21.54,48,36,516,620.78
2026-04-01 10:00:00,23.62,54,27,567,684.47
2026-04-01 11:00:00,25.18,17,35,205,254.77
2026-04-01 12:00:00,26.64,23,119,349,430.44
2026-04-01 13:00:00,26.41,15,103,253,317.2
2026-04-01 14:00:00,25.02,45,175,625,760.23
2026-04-01 15:00:00,21.63,34,34,374,449.5
2026-04-01 16:00:00,20.67,35,20,370,449.64
2026-04-01 17:00:00,16.43,12,37,157,204.78
2026-04-01 18:00:00,13.81,19,47,237,308.6
2026-04-01 19:00:00,12.58,0,0,0,29.56
2026-04-01 20:00:00,9.08,4,2,42,93.95
2026-04-01 21:00:00,6.85,1,7,17,62.96
2026-04-01 22:00:00,8.47,1,3,13,57.5
2026-04-01 23:00:00,4.76,2,9,29,83.91
2026-04-02 00:00:00,4.99,2,0,20,73.97
2026-04-02 01:00:00,4.94,2,1,21,75.22
2026-04-02 02:00:00,6.39,3,0,30,81.37
2026-04-02 03:00:00,7.63,2,7,27,75.2
2026-04-02 04:00:00,10.08,2,4,24,63.04
2026-04-02 05:00:00,13.57,3,0,30,62.48
2026-04-02 06:00:00,14.6,1,6,16,44.97
2026-04-02 07:00:00,17.5,3,7,37,60.42
2026-04-02 08:00:00,20.17,44,41,481,583.04
2026-04-02 09:00:00,22.68,47,20,490,593.61
2026-04-02 10:00:00,23.97,50,39,539,654.96
2026-04-02 11:00:00,25.26,12,31,151,192.74
2026-04-02 12:00:00,23.65,13,174,304,373.69
2026-04-02 13:00:00,24.02,10,185,285,346.32
2026-04-02 14:00:00,22.54,34,158,498,597.88
2026-04-02 15:00:00,20.02,42,45,465,565.28
2026-04-02 16:00:00,20.3,31,24,334,402.5
2026-04-02 17:00:00,17.01,13,39,169,217.8
2026-04-02 18:00:00,15.05,23,24,254,326.32
2026-04-02 19:00:00,11.82,2,3,23,56.97
2026-04-02 20:00:00,10.14,4,1,41,85.1
2026-04-02 21:00:00,7.83,0,4,4,49.73
2026-04-02 22:00:00,5.83,2,0,20,71.53
2026-04-02 23:00:00,4.65,4,0,40,101.2
2026-04-03 00:00:00,3.77,1,0,10,66.67
2026-04-03 01:00:00,6.63,3,8,38,92.21
2026-04-03 02:00:00,3.68,4,2,42,103.92
2026-04-03 03:00:00,8.06,2,5,25,71.94
2026-04-03 04:00:00,9.09,3,7,37,84.57
2026-04-03 05:00:00,13.31,4,0,40,75.93
2026-04-03 06:00:00,13.37,3,0,30,61.93
2026-04-03 07:00:00,16.78,0,0,0,20.0
2026-04-03 08:00:00,18.84,44,48,488,594.75
2026-04-03 09:00:00,21.86,47,20,490,588.73
2026-04-03 10:00:00,22.23,45,42,492,589.04
2026-04-03 11:00:00,23.4,14,45,185,224.32
2026-04-03 12:00:00,24.68,16,127,287,351.6
2026-04-03 13:00:00,25.54,12,116,236,292.68
2026-04-03 14:00:00,23.94,48,190,670,811.09
2026-04-03 15:00:00,22.82,37,39,409,493.64
2026-04-03 16:00:00,20.26,30,41,341,412.9
2026-04-03 17:00:00,16.45,13,34,164,216.76
2026-04-03 18:00:00,17.03,21,34,244,310.27
2026-04-03 19:00:00,12.33,0,6,6,33.26
2026-04-03 20:00:00,8.34,0,8,8,50.73
2026-04-03 21:00:00,8.38,4,0,40,89.96
2026-04-03 22:00:00,5.89,0,0,0,48.05
2026-04-03 23:00:00,3.87,1,8,18,76.31
2026-04-04 00:00:00,6.04,0,8,8,60.94
2026-04-04 01:00:00,5.66,0,8,8,58.14
2026-04-04 02:00:00,7.08,2,5,25,77.89
2026-04-04 03:00:00,7.16,4,7,47,102.96
2026-04-04 04:00:00,8.19,2,14,34,82.35
2026-04-04 05:00:00,12.32,0,15,15,48.44
2026-04-04 06:00:00,15.58,4,8,48,79.58
2026-04-04 07:00:00,16.49,0,13,13,27.71
2026-04-04 08:00:00,21.84,3,8,38,46.01
2026-04-04 09:00:00,20.83,1,12,22,31.32
2026-04-04 10:00:00,24.85,2,0,20,34.6
2026-04-04 11:00:00,24.51,4,13,53,70.39
2026-04-04 12:00:00,25.0,4,1,41,57.0
2026-04-04 13:00:00,22.0,3,6,36,45.55
2026-04-04 14:00:00,25.12,2,4,24,35.27
2026-04-04 15:00:00,22.64,0,15,15,21.29
2026-04-04 16:00:00,19.04,1,19,29,44.9
2026-04-04 17:00:00,16.46,2,18,38,62.03
2026-04-04 18:00:00,14.75,4,18,58,90.79
2026-04-04 19:00:00,12.26,1,10,20,51.29
2026-04-04 20:00:00,9.57,3,11,41,88.86
2026-04-04 21:00:00,8.33,3,10,40,89.15
2026-04-04 22:00:00,7.69,3,15,45,94.27
2026-04-04 23:00:00,4.38,3,4,34,95.37
2026-04-05 00:00:00,3.94,0,14,14,71.15
2026-04-05 01:00:00,5.42,4,10,50,112.53
2026-04-05 02:00:00,6.21,0,14,14,67.6
2026-04-05 03:00:00,5.42,2,7,27,80.45
2026-04-05 04:00:00,10.28,4,14,54,100.74
2026-04-05 05:00:00,12.75,0,5,5,33.8
2026-04-05 06:00:00,15.1,0,5,5,28.37
2026-04-05 07:00:00,20.3,3,10,40,51.33
2026-04-05 08:00:00,20.78,0,12,12,20.0
2026-04-05 09:00:00,22.11,1,18,28,31.93
2026-04-05 10:00:00,24.24,3,0,30,45.63
2026-04-05 11:00:00,26.23,1,0,10,27.88
2026-04-05 12:00:00,25.95,4,9,49,73.05
2026-04-05 13:00:00,25.32,0,17,17,33.08
2026-04-05 14:00:00,22.64,2,13,33,42.51
2026-04-05 15:00:00,22.74,3,12,42,50.71
2026-04-05 16:00:00,19.15,3,13,43,62.59
2026-04-05 17:00:00,18.19,4,18,58,80.55
2026-04-05 18:00:00,13.82,3,6,36,65.5
2026-04-05 19:00:00,11.68,1,3,13,44.05
2026-04-05 20:00:00,10.29,4,5,45,87.86
2026-04-05 21:00:00,7.87,4,0,40,89.64
2026-04-05 22:00:00,5.08,1,5,15,68.9
2026-04-05 23:00:00,6.14,0,19,19,73.84
2026-04-06 00:00:00,5.65,3,0,30,85.54
2026-04-06 01:00:00,6.75,2,0,20,67.06
2026-04-06 02:00:00,6.26,0,3,3,52.83
2026-04-06 03:00:00,9.22,2,7,27,67.43
2026-04-06 04:00:00,9.44,1,0,10,46.03
2026-04-06 05:00:00,12.78,1,0,10,42.12
2026-04-06 06:00:00,14.74,1,6,16,39.7
2026-04-06 07:00:00,18.09,4,0,40,58.43
2026-04-06 08:00:00,20.24,44,44,484,584.48
2026-04-06 09:00:00,20.76,40,25,425,511.46
2026-04-06 10:00:00,23.14,46,28,488,591.33
2026-04-06 11:00:00,25.07,16,45,205,257.41
2026-04-06 12:00:00,23.44,18,129,309,375.09
2026-04-06 13:00:00,24.71,18,161,341,415.85
2026-04-06 14:00:00,23.23,44,161,601,722.62
2026-04-06 15:00:00,21.56,47,27,497,596.22
2026-04-06 16:00:00,19.11,31,40,350,429.96
2026-04-06 17:00:00,16.76,14,49,189,243.13
2026-04-06 18:00:00,11.99,24,25,265,349.46
2026-04-06 19:00:00,12.72,0,4,4,31.87
2026-04-06 20:00:00,8.99,0,3,3,46.15
2026-04-06 21:00:00,9.33,2,0,20,64.6
2026-04-06 22:00:00,6.64,4,2,42,95.93
2026-04-06 23:00:00,2.3,2,0,20,87.17
2026-04-07 00:00:00,5.7,1,7,17,71.36
2026-04-07 01:00:00,4.48,0,0,0,52.86
2026-04-07 02:00:00,4.63,3,0,30,86.37
2026-04-07 03:00:00,7.66,2,0,20,68.96
2026-04-07 04:00:00,10.45,4,0,40,84.27
2026-04-07 05:00:00,12.08,1,2,12,45.13
2026-04-07 06:00:00,13.43,4,0,40,76.23
2026-04-07 07:00:00,18.65,4,0,40,56.79
2026-04-07 08:00:00,17.98,58,26,606,739.54
2026-04-07 09:00:00,22.07,58,30,610,736.0
2026-04-07 10:00:00,23.36,45,47,497,600.78
2026-04-07 11:00:00,25.24,22,32,252,311.78
2026-04-07 12:00:00,24.9,19,186,376,460.38
2026-04-07 13:00:00,24.9,24,115,355,437.43
2026-04-07 14:00:00,25.79,39,156,546,665.8
2026-04-07 15:00:00,22.01,48,45,525,631.05
2026-04-07 16:00:00,20.66,40,40,440,533.93
2026-04-07 17:00:00,17.19,12,32,152,201.14
2026-04-07 18:00:00,16.03,13,40,170,222.42
2026-04-07 19:00:00,12.64,3,0,30,63.44
2026-04-07 20:00:00,11.37,3,0,30,67.43
2026-04-07 21:00:00,6.71,0,0,0,47.54
2026-04-07 22:00:00,7.28,4,0,40,93.04
2026-04-07 23:00:00,5.95,0,0,0,49.34
2026-04-08 00:00:00,5.56,0,1,1,52.04
2026-04-08 01:00:00,4.77,4,0,40,95.93
2026-04-08 02:00:00,6.85,4,0,40,93.95
2026-04-08 03:00:00,7.71,4,3,43,96.88
2026-04-08 04:00:00,10.6,4,8,48,92.43
2026-04-08 05:00:00,10.74,3,6,36,76.18
2026-04-08 06:00:00,15.55,4,0,40,69.66
2026-04-08 07:00:00,17.04,1,6,16,31.52
2026-04-08 08:00:00,22.24,46,37,497,598.89
2026-04-08 09:00:00,21.61,57,40,610,732.02
2026-04-08 10:00:00,24.9,43,23,453,554.3
2026-04-08 11:00:00,23.77,21,30,240,291.53
2026-04-08 12:00:00,26.5,10,182,282,353.92
2026-04-08 13:00:00,23.61,19,124,314,382.62
2026-04-08 14:00:00,24.41,40,127,527,634.99
2026-04-08 15:00:00,19.41,46,45,505,612.71
2026-04-08 16:00:00,20.57,47,44,514,620.17
2026-04-08 17:00:00,17.74,11,46,156,200.76
2026-04-08 18:00:00,13.67,14,40,180,240.29
2026-04-08 19:00:00,12.4,3,4,34,71.74
2026-04-08 20:00:00,11.72,4,2,42,82.85
2026-04-08 21:00:00,6.89,3,9,39,93.72
2026-04-08 22:00:00,5.18,0,0,0,51.39
2026-04-08 23:00:00,5.78,4,8,48,105.88
2026-04-09 00:00:00,4.71,1,0,10,62.06
2026-04-09 01:00:00,4.71,0,0,0,55.29
2026-04-09 02:00:00,6.71,1,0,10,54.91
2026-04-09 03:00:00,8.7,4,8,48,96.81
2026-04-09 04:00:00,10.09,3,7,37,78.33
2026-04-09 05:00:00,11.13,4,7,47,90.08
2026-04-09 06:00:00,15.34,3,5,35,60.97
2026-04-09 07:00:00,17.75,0,0,0,20.0
2026-04-09 08:00:00,20.9,40,43,443,537.22
2026-04-09 09:00:00,23.93,54,27,567,688.22
2026-04-09 10:00:00,24.11,43,20,450,548.39
2026-04-09 11:00:00,24.95,15,36,186,232.65
2026-04-09 12:00:00,26.07,19,123,313,388.11
2026-04-09 13:00:00,23.78,19,129,319,387.04
2026-04-09 14:00:00,24.48,44,116,556,672.45
2026-04-09 15:00:00,20.75,38,34,414,500.13
2026-04-09 16:00:00,19.61,41,48,458,555.29
2026-04-09 17:00:00,15.76,13,46,176,229.18
2026-04-09 18:00:00,15.03,22,36,256,326.44
2026-04-09 19:00:00,11.88,1,0,10,39.79
2026-04-09 20:00:00,9.12,3,9,39,83.82
2026-04-09 21:00:00,7.36,3,0,30,79.62
2026-04-09 22:00:00,5.88,0,8,8,58.67
2026-04-09 23:00:00,5.67,1,8,18,69.53
2026-04-10 00:00:00,4.83,1,0,10,62.22
2026-04-10 01:00:00,3.5,1,8,18,78.43
2026-04-10 02:00:00,5.89,0,6,6,59.96
2026-04-10 03:00:00,7.42,1,1,11,57.8
2026-04-10 04:00:00,10.64,1,0,10,44.44
2026-04-10 05:00:00,11.46,2,0,20,57.85
2026-04-10 06:00:00,12.81,0,3,3,33.08
2026-04-10 07:00:00,15.74,1,5,15,38.62
2026-04-10 08:00:00,19.69,57,22,592,716.21
2026-04-10 09:00:00,21.76,42,49,469,566.03
2026-04-10 10:00:00,24.14,40,30,430,521.98
2026-04-10 11:00:00,25.42,11,22,132,168.56
2026-04-10 12:00:00,24.56,10,157,257,317.81
2026-04-10 13:00:00,24.7,15,124,274,338.02
2026-04-10 14:00:00,22.48,34,128,468,562.14
2026-04-10 15:00:00,21.36,35,29,379,456.79
2026-04-10 16:00:00,19.55,41,24,434,525.7
2026-04-10 17:00:00,17.16,14,49,189,241.08
2026-04-10 18:00:00,15.69,19,38,228,293.86
2026-04-10 19:00:00,13.71,4,0,40,73.4
2026-04-10 20:00:00,9.06,3,5,35,80.55
2026-04-10 21:00:00,7.65,1,0,10,54.58
2026-04-10 22:00:00,8.14,4,0,40,90.01
2026-04-10 23:00:00,4.75,1,8,18,71.08
2026-04-11 00:00:00,5.8,4,9,49,109.35
2026-04-11 01:00:00,4.42,3,19,49,111.14
2026-04-11 02:00:00,6.03,2,16,36,92.19
2026-04-11 03:00:00,7.84,3,10,40,90.76
2026-04-11 04:00:00,9.57,2,6,26,70.18
2026-04-11 05:00:00,14.0,3,2,32,60.87
2026-04-11 06:00:00,13.87,4,6,46,80.57
2026-04-11 07:00:00,19.67,1,2,12,20.89
2026-04-11 08:00:00,20.07,1,2,12,20.0
2026-04-11 09:00:00,22.48,3,8,38,48.88
2026-04-11 10:00:00,23.66,2,15,35,46.85
2026-04-11 11:00:00,26.3,2,19,39,55.57
2026-04-11 12:00:00,24.48,2,10,30,42.79
2026-04-11 13:00:00,25.27,3,7,37,57.94
2026-04-11 14:00:00,22.92,0,14,14,20.0
2026-04-11 15:00:00,24.14,2,19,39,52.04
2026-04-11 16:00:00,20.43,4,2,42,54.72
2026-04-11 17:00:00,17.97,0,18,18,34.6
2026-04-11 18:00:00,13.53,4,19,59,92.8
2026-04-11 19:00:00,13.79,2,7,27,57.22
2026-04-11 20:00:00,8.5,2,4,24,70.52
2026-04-11 21:00:00,10.1,4,13,53,101.75
2026-04-11 22:00:00,6.45,3,3,33,88.14
2026-04-11 23:00:00,5.9,2,16,36,90.73
2026-04-12 00:00:00,6.71,4,4,44,99.21
2026-04-12 01:00:00,6.59,4,12,52,109.78
2026-04-12 02:00:00,7.27,1,13,23,70.3
2026-04-12 03:00:00,6.81,0,1,1,44.96
2026-04-12 04:00:00,9.53,2,16,36,84.08
2026-04-12 05:00:00,12.2,4,11,51,90.79
2026-04-12 06:00:00,14.89,3,16,46,75.01
2026-04-12 07:00:00,18.05,0,8,8,20.6
2026-04-12 08:00:00,18.34,2,13,33,49.49
2026-04-12 09:00:00,21.71,3,18,48,60.71
2026-04-12 10:00:00,24.35,0,8,8,20.0
2026-04-12 11:00:00,24.17,1,18,28,40.73
2026-04-12 12:00:00,24.58,3,12,42,55.34
2026-04-12 13:00:00,23.64,1,18,28,40.2
2026-04-12 14:00:00,24.81,0,18,18,30.15
2026-04-12 15:00:00,21.64,3,19,49,59.63
2026-04-12 16:00:00,19.35,3,9,39,54.62
2026-04-12 17:00:00,14.42,4,7,47,79.44
2026-04-12 18:00:00,15.02,3,1,31,60.81
2026-04-12 19:00:00,11.92,1,15,25,63.2
2026-04-12 20:00:00,11.26,0,10,10,43.61
2026-04-12 21:00:00,8.72,3,3,33,77.42
2026-04-12 22:00:00,4.84,1,15,25,80.51
2026-04-12 23:00:00,4.47,4,13,53,115.9
2026-04-13 00:00:00,5.57,3,0,30,84.73
2026-04-13 01:00:00,5.2,0,0,0,49.18
2026-04-13 02:00:00,7.4,0,7,7,53.79
2026-04-13 03:00:00,8.25,2,7,27,71.1
2026-04-13 04:00:00,11.86,3,1,31,66.46
2026-04-13 05:00:00,11.2,4,7,47,90.01
2026-04-13 06:00:00,13.81,2,9,29,58.66
2026-04-13 07:00:00,16.43,2,2,22,43.21
2026-04-13 08:00:00,21.27,50,45,545,658.77
2026-04-13 09:00:00,20.91,45,38,488,589.27
2026-04-13 10:00:00,23.01,47,34,504,607.41
2026-04-13 11:00:00,24.51,13,44,174,216.13
2026-04-13 12:00:00,26.39,13,134,264,330.72
2026-04-13 13:00:00,25.17,15,185,335,411.02
2026-04-13 14:00:00,22.97,42,184,604,726.76
2026-04-13 15:00:00,22.29,31,42,352,425.59
2026-04-13 16:00:00,20.53,33,23,353,429.83
2026-04-13 17:00:00,17.08,12,39,159,207.9
2026-04-13 18:00:00,15.66,22,36,256,326.45
2026-04-13 19:00:00,12.08,4,6,46,83.0
2026-04-13 20:00:00,9.44,0,4,4,44.03
2026-04-13 21:00:00,9.2,3,4,34,78.63
2026-04-13 22:00:00,4.77,3,0,30,88.48
2026-04-13 23:00:00,5.6,2,8,28,81.57
2026-04-14 00:00:00,5.58,1,0,10,60.87
2026-04-14 01:00:00,4.66,2,5,25,82.63
2026-04-14 02:00:00,6.18,4,5,45,104.63
2026-04-14 03:00:00,6.86,4,9,49,102.65
2026-04-14 04:00:00,10.56,4,8,48,88.58
2026-04-14 05:00:00,10.65,3,9,39,83.45
2026-04-14 06:00:00,15.71,0,0,0,20.0
2026-04-14 07:00:00,15.08,1,4,14,38.43
2026-04-14 08:00:00,21.84,44,31,471,568.26
2026-04-14 09:00:00,22.52,57,44,614,741.17
2026-04-14 10:00:00,25.55,51,21,531,647.46
2026-04-14 11:00:00,23.17,21,46,256,312.57
2026-04-14 12:00:00,25.09,16,191,351,434.25
2026-04-14 13:00:00,24.52,13,100,230,281.34
2026-04-14 14:00:00,23.58,45,154,604,729.39
2026-04-14 15:00:00,21.63,44,39,479,575.5
2026-04-14 16:00:00,20.26,35,21,371,446.97
2026-04-14 17:00:00,17.37,23,20,250,313.38
2026-04-14 18:00:00,14.69,20,48,248,318.55
2026-04-14 19:00:00,12.68,0,0,0,28.99
2026-04-14 20:00:00,9.72,0,7,7,44.16
2026-04-14 21:00:00,7.08,2,8,28,80.18
2026-04-14 22:00:00,6.21,1,6,16,66.59
2026-04-14 23:00:00,4.61,3,4,34,92.85
2026-04-15 00:00:00,6.56,4,7,47,101.69
2026-04-15 01:00:00,3.55,1,6,16,73.97
2026-04-15 02:00:00,6.75,4,5,45,96.28
2026-04-15 03:00:00,6.31,1,0,10,57.83
2026-04-15 04:00:00,10.41,1,0,10,47.73
2026-04-15 05:00:00,11.7,0,9,9,43.25
2026-04-15 06:00:00,17.56,4,0,40,58.33
2026-04-15 07:00:00,17.43,1,0,10,28.57
2026-04-15 08:00:00,19.78,40,38,438,530.82
2026-04-15 09:00:00,22.37,44,35,475,573.16
2026-04-15 10:00:00,25.07,55,40,590,717.05
2026-04-15 11:00:00,25.8,12,45,165,209.8
2026-04-15 12:00:00,25.12,19,160,350,428.95
2026-04-15 13:00:00,23.87,13,130,260,317.01
2026-04-15 14:00:00,25.54,30,142,442,542.57
2026-04-15 15:00:00,21.05,30,49,349,422.1
2026-04-15 16:00:00,20.05,38,24,404,492.83
2026-04-15 17:00:00,18.72,23,40,270,334.15
2026-04-15 18:00:00,15.35,15,46,196,255.38
2026-04-15 19:00:00,11.54,2,0,20,58.0
2026-04-15 20:00:00,9.88,3,0,30,71.24
2026-04-15 21:00:00,7.47,3,0,30,74.26
2026-04-15 22:00:00,6.06,0,0,0,51.35
2026-04-15 23:00:00,6.28,2,0,20,72.33
2026-04-16 00:00:00,4.51,1,0,10,62.77
2026-04-16 01:00:00,6.25,0,6,6,51.35
2026-04-16 02:00:00,6.87,1,4,14,60.97
2026-04-16 03:00:00,6.45,0,4,4,51.08
2026-04-16 04:00:00,11.09,1,0,10,45.5
2026-04-16 05:00:00,12.91,0,5,5,35.79
2026-04-16 06:00:00,17.23,1,3,13,30.04
2026-04-16 07:00:00,17.42,3,9,39,58.21
2026-04-16 08:00:00,20.91,50,21,521,629.99
2026-04-16 09:00:00,23.69,55,44,594,715.69
2026-04-16 10:00:00,24.14,56,28,588,711.76
2026-04-16 11:00:00,24.89,11,47,157,195.98
2026-04-16 12:00:00,24.77,17,161,331,405.83
2026-04-16 13:00:00,24.75,24,159,399,487.77
2026-04-16 14:00:00,23.63,49,113,603,727.52
2026-04-16 15:00:00,22.3,31,22,332,398.77
2026-04-16 16:00:00,18.44,45,37,487,594.45
2026-04-16 17:00:00,18.19,16,41,201,254.0
2026-04-16 18:00:00,14.79,21,27,237,308.05
2026-04-16 19:00:00,11.98,1,9,19,52.94
2026-04-16 20:00:00,9.39,1,3,13,51.96
2026-04-16 21:00:00,7.91,3,3,33,81.57
2026-04-16 22:00:00,6.86,1,1,11,58.55
2026-04-16 23:00:00,5.38,2,1,21,74.99
2026-04-17 00:00:00,2.89,0,0,0,59.25
2026-04-17 01:00:00,5.5,4,0,40,94.62
2026-04-17 02:00:00,8.29,0,4,4,46.49
2026-04-17 03:00:00,7.82,3,9,39,86.53
2026-04-17 04:00:00,8.29,4,1,41,90.62
2026-04-17 05:00:00,13.94,3,0,30,64.13
2026-04-17 06:00:00,15.21,4,1,41,67.78
2026-04-17 07:00:00,17.42,2,0,20,38.64
2026-04-17 08:00:00,18.01,57,32,602,733.7
2026-04-17 09:00:00,20.72,55,31,581,704.38
2026-04-17 10:00:00,23.51,42,27,447,537.78
2026-04-17 11:00:00,24.74,24,49,289,354.55
2026-04-17 12:00:00,27.51,17,165,335,414.77
2026-04-17 13:00:00,23.77,11,187,297,360.42
2026-04-17 14:00:00,23.8,36,107,467,567.33
2026-04-17 15:00:00,23.28,36,41,401,484.15
2026-04-17 16:00:00,19.54,49,41,531,646.64
2026-04-17 17:00:00,17.62,14,24,164,209.77
2026-04-17 18:00:00,15.96,19,44,234,299.42
2026-04-17 19:00:00,13.23,0,0,0,27.58
2026-04-17 20:00:00,9.94,0,3,3,40.14
2026-04-17 21:00:00,7.34,0,0,0,44.59
2026-04-17 22:00:00,6.84,0,0,0,42.12
2026-04-17 23:00:00,6.71,0,0,0,46.13
2026-04-18 00:00:00,7.31,2,10,30,78.91
2026-04-18 01:00:00,5.63,0,6,6,55.88
2026-04-18 02:00:00,4.56,1,11,21,77.15
2026-04-18 03:00:00,7.35,3,12,42,93.8
2026-04-18 04:00:00,8.87,0,12,12,55.04
2026-04-18 05:00:00,12.57,1,6,16,48.36
2026-04-18 06:00:00,14.71,2,4,24,48.56
2026-04-18 07:00:00,17.56,3,2,32,48.82
2026-04-18 08:00:00,19.66,4,14,54,68.52
2026-04-18 09:00:00,22.15,0,4,4,20.0
2026-04-18 10:00:00,22.73,4,17,57,68.2
2026-04-18 11:00:00,24.95,1,15,25,37.42
2026-04-18 12:00:00,26.37,1,18,28,44.44
2026-04-18 13:00:00,26.42,1,9,19,36.91
2026-04-18 14:00:00,22.9,4,4,44,56.15
2026-04-18 15:00:00,22.38,4,15,55,69.73
2026-04-18 16:00:00,20.01,1,17,27,34.25
2026-04-18 17:00:00,16.66,4,3,43,71.45
2026-04-18 18:00:00,15.62,0,5,5,25.43
2026-04-18 19:00:00,12.37,3,7,37,73.76
2026-04-18 20:00:00,9.83,1,14,24,67.61
2026-04-18 21:00:00,8.59,3,18,48,97.06
2026-04-18 22:00:00,6.99,0,12,12,58.92
2026-04-18 23:00:00,7.45,2,17,37,88.09
2026-04-19 00:00:00,3.98,0,11,11,63.95
2026-04-19 01:00:00,4.1,4,17,57,121.17
2026-04-19 02:00:00,6.97,2,5,25,74.98
2026-04-19 03:00:00,8.12,3,1,31,79.46
2026-04-19 04:00:00,10.68,2,2,22,61.25
2026-04-19 05:00:00,13.36,0,18,18,48.67
2026-04-19 06:00:00,15.77,0,17,17,39.99
2026-04-19 07:00:00,17.56,3,9,39,60.92
2026-04-19 08:00:00,20.44,2,3,23,33.28
2026-04-19 09:00:00,22.4,1,19,29,35.74
2026-04-19 10:00:00,24.69,0,17,17,29.67
2026-04-19 11:00:00,25.42,2,1,21,33.76
2026-04-19 12:00:00,24.78,4,14,54,70.98
2026-04-19 13:00:00,24.72,4,19,59,78.93
2026-04-19 14:00:00,21.8,4,18,58,68.51
2026-04-19 15:00:00,21.39,4,5,45,54.31
2026-04-19 16:00:00,20.55,4,8,48,60.08
2026-04-19 17:00:00,17.51,0,5,5,21.96
2026-04-19 18:00:00,14.88,1,13,23,49.37
2026-04-19 19:00:00,12.09,0,5,5,33.12
2026-04-19 20:00:00,9.58,0,13,13,53.69
2026-04-19 21:00:00,7.8,2,15,35,86.74
2026-04-19 22:00:00,7.51,4,17,57,110.0
2026-04-19 23:00:00,5.05,1,2,12,64.84
2026-04-20 00:00:00,4.78,2,0,20,76.85
2026-04-20 01:00:00,4.86,1,5,15,71.42
2026-04-20 02:00:00,7.15,1,0,10,53.97
2026-04-20 03:00:00,7.68,2,3,23,68.58
2026-04-20 04:00:00,12.48,2,0,20,51.13
2026-04-20 05:00:00,13.25,2,0,20,49.62
2026-04-20 06:00:00,13.46,0,0,0,26.36
2026-04-20 07:00:00,18.13,1,2,12,28.72
2026-04-20 08:00:00,18.1,59,25,615,749.32
2026-04-20 09:00:00,22.43,50,34,534,639.93
2026-04-20 10:00:00,23.15,59,29,619,747.59
2026-04-20 11:00:00,24.34,14,43,183,224.6
2026-04-20 12:00:00,25.54,17,186,356,434.99
2026-04-20 13:00:00,23.58,19,159,349,421.37
2026-04-20 14:00:00,25.52,31,133,443,542.19
2026-04-20 15:00:00,22.84,42,31,451,543.29
2026-04-20 16:00:00,18.82,46,34,494,604.68
2026-04-20 17:00:00,18.29,15,37,187,235.13
2026-04-20 18:00:00,15.08,10,38,138,188.72
2026-04-20 19:00:00,11.52,1,0,10,47.4
2026-04-20 20:00:00,10.71,3,0,30,68.55
2026-04-20 21:00:00,8.03,0,6,6,48.04
2026-04-20 22:00:00,7.38,1,0,10,52.71
2026-04-20 23:00:00,5.48,3,3,33,90.38
2026-04-21 00:00:00,6.33,4,0,40,92.5
2026-04-21 01:00:00,5.83,2,0,20,71.11
2026-04-21 02:00:00,7.75,0,0,0,43.79
2026-04-21 03:00:00,9.09,1,2,12,53.98
2026-04-21 04:00:00,9.92,4,0,40,83.34
2026-04-21 05:00:00,10.85,2,0,20,57.25
2026-04-21 06:00:00,14.5,0,7,7,28.56
2026-04-21 07:00:00,17.26,4,2,42,64.85
2026-04-21 08:00:00,19.84,53,49,579,700.31
2026-04-21 09:00:00,22.27,48,23,503,603.18
2026-04-21 10:00:00,24.74,42,49,469,570.87
2026-04-21 11:00:00,23.74,23,32,262,321.03
2026-04-21 12:00:00,24.8,24,194,434,526.7
2026-04-21 13:00:00,25.79,14,179,319,393.78
2026-04-21 14:00:00,22.49,36,127,487,582.36
2026-04-21 15:00:00,22.33,43,37,467,559.62
2026-04-21 16:00:00,18.91,33,48,378,464.28
2026-04-21 17:00:00,17.97,13,46,176,225.43
2026-04-21 18:00:00,15.35,14,32,172,226.65
2026-04-21 19:00:00,13.11,2,6,26,58.64
2026-04-21 20:00:00,11.17,4,9,49,91.52
2026-04-21 21:00:00,8.08,3,0,30,79.87
2026-04-21 22:00:00,7.93,2,0,20,70.71
2026-04-21 23:00:00,5.48,1,3,13,63.79
2026-04-22 00:00:00,4.24,1,8,18,75.72
2026-04-22 01:00:00,3.18,0,9,9,69.22
2026-04-22 02:00:00,6.24,2,8,28,82.38
2026-04-22 03:00:00,7.83,0,0,0,43.14
2026-04-22 04:00:00,9.61,0,7,7,44.95
2026-04-22 05:00:00,13.5,4,5,45,83.25
2026-04-22 06:00:00,15.36,3,0,30,57.82
2026-04-22 07:00:00,17.03,3,2,32,54.85
2026-04-22 08:00:00,20.43,50,28,528,637.13
2026-04-22 09:00:00,21.33,49,23,513,614.98
2026-04-22 10:00:00,25.3,53,28,558,679.33
2026-04-22 11:00:00,23.08,11,44,154,188.38
2026-04-22 12:00:00,24.07,15,191,341,414.05
2026-04-22 13:00:00,23.44,11,186,296,360.38
2026-04-22 14:00:00,23.8,39,107,497,600.64
2026-04-22 15:00:00,22.53,35,20,370,448.75
2026-04-22 16:00:00,18.9,37,49,419,511.55
2026-04-22 17:00:00,18.19,20,48,248,307.87
2026-04-22 18:00:00,14.75,17,43,213,272.46
2026-04-22 19:00:00,12.79,1,4,14,43.69
2026-04-22 20:00:00,9.51,1,0,10,49.04
2026-04-22 21:00:00,7.79,2,6,26,67.75
2026-04-22 22:00:00,6.06,3,5,35,90.78
2026-04-22 23:00:00,7.59,0,7,7,49.64
2026-04-23 00:00:00,5.63,1,2,12,61.41
2026-04-23 01:00:00,5.82,4,3,43,102.79
2026-04-23 02:00:00,6.02,3,7,37,91.17
2026-04-23 03:00:00,7.03,2,7,27,74.53
2026-04-23 04:00:00,9.3,2,0,20,61.38
2026-04-23 05:00:00,10.07,4,0,40,83.24
2026-04-23 06:00:00,13.92,4,0,40,71.17
2026-04-23 07:00:00,18.31,4,0,40,57.45
2026-04-23 08:00:00,21.05,59,29,619,741.58
2026-04-23 09:00:00,20.57,50,29,529,636.18
2026-04-23 10:00:00,24.81,54,21,561,679.92
2026-04-23 11:00:00,23.23,20,33,233,283.31
2026-04-23 12:00:00,26.82,15,147,297,372.68
2026-04-23 13:00:00,23.77,16,196,356,431.86
2026-04-23 14:00:00,21.92,49,190,680,815.96
2026-04-23 15:00:00,22.17,44,45,485,584.23
2026-04-23 16:00:00,19.83,36,46,406,495.77
2026-04-23 17:00:00,17.53,14,37,177,226.3
2026-04-23 18:00:00,13.73,24,20,260,340.7
2026-04-23 19:00:00,12.7,0,0,0,28.33
2026-04-23 20:00:00,10.12,1,0,10,52.3
2026-04-23 21:00:00,9.1,2,6,26,72.1
2026-04-23 22:00:00,7.62,3,0,30,77.9
2026-04-23 23:00:00,5.24,1,0,10,60.83
2026-04-24 00:00:00,5.45,1,0,10,63.38
2026-04-24 01:00:00,3.5,2,2,22,81.52
2026-04-24 02:00:00,4.58,0,0,0,55.49
2026-04-24 03:00:00,7.93,4,4,44,95.97
2026-04-24 04:00:00,10.67,1,9,19,56.59
2026-04-24 05:00:00,15.06,3,3,33,61.99
2026-04-24 06:00:00,14.15,2,5,25,52.83
2026-04-24 07:00:00,17.2,4,9,49,71.5
2026-04-24 08:00:00,19.15,48,34,514,623.43
2026-04-24 09:00:00,22.76,52,20,540,648.3
2026-04-24 10:00:00,23.5,56,22,582,703.69
2026-04-24 11:00:00,25.71,19,24,214,265.58
2026-04-24 12:00:00,25.37,22,178,398,488.52
2026-04-24 13:00:00,24.35,19,100,290,355.25
2026-04-24 14:00:00,23.97,33,138,468,567.73
2026-04-24 15:00:00,22.28,38,47,427,516.81
2026-04-24 16:00:00,21.02,41,29,439,533.21
2026-04-24 17:00:00,18.67,13,24,154,193.83
2026-04-24 18:00:00,15.56,13,29,159,206.8
2026-04-24 19:00:00,12.06,4,0,40,80.44
2026-04-24 20:00:00,7.8,2,4,24,70.66
2026-04-24 21:00:00,9.62,4,2,42,90.1
2026-04-24 22:00:00,4.0,3,3,33,95.61
2026-04-24 23:00:00,5.34,2,9,29,85.4
2026-04-25 00:00:00,4.72,2,8,28,84.62
2026-04-25 01:00:00,6.18,0,12,12,61.65
2026-04-25 02:00:00,4.14,3,5,35,93.49
2026-04-25 03:00:00,8.61,0,6,6,49.02
2026-04-25 04:00:00,11.02,2,1,21,59.4
2026-04-25 05:00:00,12.92,4,15,55,92.24
2026-04-25 06:00:00,15.38,2,18,38,64.47
2026-04-25 07:00:00,17.42,1,13,23,37.24
2026-04-25 08:00:00,20.9,3,18,48,62.7
2026-04-25 09:00:00,21.79,4,6,46,57.02
2026-04-25 10:00:00,23.86,3,15,45,58.04
2026-04-25 11:00:00,25.4,3,19,49,68.21
2026-04-25 12:00:00,25.21,0,8,8,20.0
2026-04-25 13:00:00,24.92,3,16,46,64.89
2026-04-25 14:00:00,21.39,2,12,32,38.84
2026-04-25 15:00:00,22.45,1,19,29,35.7
2026-04-25 16:00:00,21.6,2,1,21,29.01
2026-04-25 17:00:00,17.84,3,17,47,66.45
2026-04-25 18:00:00,13.34,2,4,24,53.81
2026-04-25 19:00:00,10.78,0,12,12,47.51
2026-04-25 20:00:00,11.82,3,3,33,68.17
2026-04-25 21:00:00,7.73,3,17,47,100.8
2026-04-25 22:00:00,5.73,4,11,51,108.52
2026-04-25 23:00:00,5.55,4,0,40,95.91
2026-04-26 00:00:00,4.69,1,2,12,67.72
2026-04-26 01:00:00,4.95,3,1,31,88.03
2026-04-26 02:00:00,6.36,4,14,54,114.61
2026-04-26 03:00:00,7.35,2,10,30,80.09
2026-04-26 04:00:00,9.94,2,3,23,61.29
2026-04-26 05:00:00,11.95,1,4,14,48.18
2026-04-26 06:00:00,14.4,2,12,32,59.7
2026-04-26 07:00:00,18.94,3,17,47,65.24
2026-04-26 08:00:00,20.56,4,9,49,61.48
2026-04-26 09:00:00,21.46,0,3,3,20.0
2026-04-26 10:00:00,22.93,2,12,32,43.25
2026-04-26 11:00:00,24.99,0,9,9,22.47
2026-04-26 12:00:00,25.08,4,1,41,57.45
2026-04-26 13:00:00,25.92,3,17,47,67.42
2026-04-26 14:00:00,23.64,4,19,59,73.74
2026-04-26 15:00:00,23.2,4,11,51,65.28
2026-04-26 16:00:00,20.76,1,15,25,29.94
2026-04-26 17:00:00,18.2,2,13,33,52.34
2026-04-26 18:00:00,14.71,4,9,49,78.13
2026-04-26 19:00:00,12.17,3,2,32,71.23
2026-04-26 20:00:00,12.22,2,16,36,75.52
2026-04-26 21:00:00,9.13,2,8,28,72.91
2026-04-26 22:00:00,6.77,3,11,41,96.58
2026-04-26 23:00:00,4.94,0,12,12,68.43
2026-04-27 00:00:00,7.09,0,3,3,46.87
2026-04-27 01:00:00,5.29,0,8,8,56.12
2026-04-27 02:00:00,5.17,4,3,43,102.18
2026-04-27 03:00:00,7.64,0,6,6,54.18
2026-04-27 04:00:00,11.05,1,7,17,54.28
2026-04-27 05:00:00,12.2,4,0,40,77.88
2026-04-27 06:00:00,16.42,2,3,23,48.28
2026-04-27 07:00:00,18.69,3,0,30,47.05
2026-04-27 08:00:00,21.87,44,23,463,556.55
2026-04-27 09:00:00,23.19,42,46,466,564.14
2026-04-27 10:00:00,24.23,44,40,480,585.47
2026-04-27 11:00:00,25.4,23,21,251,306.47
2026-04-27 12:00:00,25.35,21,153,363,440.99
2026-04-27 13:00:00,25.87,17,172,342,420.79
2026-04-27 14:00:00,20.93,45,150,600,719.42
2026-04-27 15:00:00,22.96,41,48,458,552.89
2026-04-27 16:00:00,19.67,30,21,321,393.66
2026-04-27 17:00:00,16.96,16,34,194,247.98
2026-04-27 18:00:00,14.83,24,26,266,344.0
2026-04-27 19:00:00,12.45,2,2,22,55.27
2026-04-27 20:00:00,7.77,4,0,40,87.67
2026-04-27 21:00:00,8.16,4,0,40,87.54
2026-04-27 22:00:00,7.54,2,8,28,75.96
2026-04-27 23:00:00,4.79,4,8,48,112.79
2026-04-28 00:00:00,3.78,4,4,44,105.33
2026-04-28 01:00:00,5.21,1,0,10,63.24
2026-04-28 02:00:00,6.71,2,7,27,77.05
2026-04-28 03:00:00,8.17,1,8,18,59.75
2026-04-28 04:00:00,10.72,4,1,41,84.18
2026-04-28 05:00:00,13.2,3,4,34,70.83
2026-04-28 06:00:00,13.65,4,8,48,84.72
2026-04-28 07:00:00,17.83,2,8,28,42.36
2026-04-28 08:00:00,19.11,53,42,572,691.23
2026-04-28 09:00:00,22.02,43,45,475,569.24
2026-04-28 10:00:00,24.63,59,27,617,746.64
2026-04-28 11:00:00,24.9,21,49,259,310.17
2026-04-28 12:00:00,26.05,10,134,234,293.53
2026-04-28 13:00:00,25.2,23,137,367,449.44
2026-04-28 14:00:00,23.2,35,168,518,627.55
2026-04-28 15:00:00,20.39,31,49,359,436.4
2026-04-28 16:00:00,20.49,38,41,421,508.59
2026-04-28 17:00:00,17.36,18,45,225,285.58
2026-04-28 18:00:00,15.74,22,31,251,319.54
2026-04-28 19:00:00,12.28,1,0,10,39.64
2026-04-28 20:00:00,9.99,1,4,14,49.47
2026-04-28 21:00:00,6.91,2,0,20,65.71
2026-04-28 22:00:00,7.01,4,9,49,104.48
2026-04-28 23:00:00,3.94,3,0,30,92.61
2026-04-29 00:00:00,5.38,1,4,14,67.27
2026-04-29 01:00:00,6.96,2,3,23,76.21
2026-04-29 02:00:00,5.9,0,6,6,55.15
2026-04-29 03:00:00,8.42,3,5,35,82.36
2026-04-29 04:00:00,7.73,0,0,0,42.15
2026-04-29 05:00:00,12.54,4,7,47,88.05
2026-04-29 06:00:00,14.1,4,7,47,83.54
2026-04-29 07:00:00,17.94,4,8,48,68.87
2026-04-29 08:00:00,21.84,53,49,579,696.33
2026-04-29 09:00:00,21.09,42,35,455,546.86
2026-04-29 10:00:00,24.22,41,46,456,554.99
2026-04-29 11:00:00,25.76,18,27,207,261.58
2026-04-29 12:00:00,24.85,23,155,385,467.17
2026-04-29 13:00:00,23.68,21,123,333,406.82
2026-04-29 14:00:00,23.46,43,141,571,689.01
2026-04-29 15:00:00,21.32,38,22,402,483.58
2026-04-29 16:00:00,20.89,32,47,367,444.65
2026-04-29 17:00:00,18.09,11,45,155,198.25
2026-04-29 18:00:00,16.18,14,38,178,229.11
2026-04-29 19:00:00,13.23,0,0,0,25.45
2026-04-29 20:00:00,11.06,1,9,19,58.31
2026-04-29 21:00:00,7.92,3,1,31,76.58
2026-04-29 22:00:00,5.2,3,3,33,92.52
2026-04-29 23:00:00,5.39,2,1,21,73.3
2026-04-30 00:00:00,3.97,3,0,30,89.38
2026-04-30 01:00:00,5.9,4,3,43,100.44
2026-04-30 02:00:00,6.2,1,0,10,63.06
2026-04-30 03:00:00,9.33,1,7,17,58.02
2026-04-30 04:00:00,9.23,3,0,30,77.26
2026-04-30 05:00:00,12.52,2,0,20,49.99
2026-04-30 06:00:00,16.1,1,8,18,38.41
2026-04-30 07:00:00,17.44,4,0,40,62.74
2026-04-30 08:00:00,20.1,50,25,525,635.53
2026-04-30 09:00:00,23.57,42,37,457,554.49
2026-04-30 10:00:00,24.8,59,48,638,770.29
2026-04-30 11:00:00,24.37,16,24,184,231.09
2026-04-30 12:00:00,26.2,22,130,350,432.74
2026-04-30 13:00:00,25.0,17,116,286,354.51
2026-04-30 14:00:00,22.53,33,118,448,532.99
2026-04-30 15:00:00,20.89,39,28,418,504.92
2026-04-30 16:00:00,18.83,41,46,456,557.44
2026-04-30 17:00:00,19.01,22,27,247,304.27
2026-04-30 18:00:00,14.94,24,44,284,361.55
2026-04-30 19:00:00,13.28,0,2,2,27.59
2026-04-30 20:00:00,9.69,0,6,6,44.29
2026-04-30 21:00:00,5.96,0,1,1,46.19
2026-04-30 22:00:00,6.8,1,2,12,59.41
2026-04-30 23:00:00,3.87,4,5,45,107.02
